_id,productId,payBy,payTo,payTime,amount,deliveryStatus,deliveryTime,payStatus,commission
1,259,356,400,"{""$date"":""2021-08-08T13:20:16.000Z""}",393.18,shipped,"{""$date"":""2021-01-19T04:05:05.000Z""}",paid,39.318
2,371,387,315,"{""$date"":""2021-02-13T22:28:51.000Z""}",240.97,delivered,"{""$date"":""2020-11-13T02:59:09.000Z""}",unpaid,24.097
3,159,213,299,"{""$date"":""2021-02-23T10:59:42.000Z""}",409.21,processing,"{""$date"":""2021-05-04T18:36:23.000Z""}",unpaid,40.921
4,16,5,157,"{""$date"":""2020-11-10T15:28:43.000Z""}",311.96,delivered,"{""$date"":""2021-05-20T03:20:47.000Z""}",paid,31.196
5,112,280,412,"{""$date"":""2021-03-30T16:08:24.000Z""}",119.97,processing,"{""$date"":""2021-03-28T12:06:04.000Z""}",unpaid,11.997
6,497,14,169,"{""$date"":""2021-02-15T09:14:31.000Z""}",486.36,inTransit,"{""$date"":""2021-08-10T01:02:47.000Z""}",unpaid,48.636
7,183,396,395,"{""$date"":""2021-04-26T06:51:42.000Z""}",260.87,delivered,"{""$date"":""2021-01-15T20:19:30.000Z""}",unpaid,26.087
8,429,172,391,"{""$date"":""2021-01-04T05:52:18.000Z""}",70.84,inTransit,"{""$date"":""2021-08-04T15:10:22.000Z""}",paid,7.084
9,16,148,229,"{""$date"":""2020-12-02T05:18:07.000Z""}",196.37,shipped,"{""$date"":""2020-12-21T03:49:51.000Z""}",unpaid,19.637
10,315,378,293,"{""$date"":""2020-11-06T12:07:43.000Z""}",429.39,inTransit,"{""$date"":""2021-04-12T05:05:50.000Z""}",unpaid,42.939
11,438,34,323,"{""$date"":""2021-10-08T12:12:10.000Z""}",6.25,delivered,"{""$date"":""2021-06-06T10:43:20.000Z""}",unpaid,0.625
12,334,89,431,"{""$date"":""2021-10-22T04:15:12.000Z""}",143.85,delivered,"{""$date"":""2021-09-22T16:39:31.000Z""}",unpaid,14.385
13,212,280,126,"{""$date"":""2021-09-23T07:14:50.000Z""}",449.69,shipped,"{""$date"":""2021-09-13T18:44:40.000Z""}",paid,44.969
14,489,143,375,"{""$date"":""2021-09-02T09:12:26.000Z""}",61.12,inTransit,"{""$date"":""2021-05-28T02:14:43.000Z""}",unpaid,6.112
15,479,394,246,"{""$date"":""2021-07-18T12:03:54.000Z""}",294.93,delivered,"{""$date"":""2021-01-24T17:39:45.000Z""}",paid,29.493
16,491,283,447,"{""$date"":""2021-01-02T12:18:15.000Z""}",460.07,delivered,"{""$date"":""2021-02-01T20:25:11.000Z""}",paid,46.007
17,359,244,499,"{""$date"":""2021-10-18T00:42:38.000Z""}",51.97,delivered,"{""$date"":""2021-02-16T06:38:35.000Z""}",unpaid,5.197
18,368,143,171,"{""$date"":""2021-04-10T22:02:28.000Z""}",255.74,delivered,"{""$date"":""2021-04-14T22:30:07.000Z""}",paid,25.574
19,346,338,332,"{""$date"":""2021-10-25T13:56:40.000Z""}",476.76,processing,"{""$date"":""2021-02-14T12:24:52.000Z""}",paid,47.676
20,214,205,342,"{""$date"":""2021-03-25T21:19:57.000Z""}",9.71,processing,"{""$date"":""2021-02-02T10:44:02.000Z""}",unpaid,0.971
21,141,243,266,"{""$date"":""2021-06-18T20:12:58.000Z""}",70.58,inTransit,"{""$date"":""2021-07-22T00:03:13.000Z""}",unpaid,7.058
22,301,10,472,"{""$date"":""2021-04-02T05:06:40.000Z""}",321.59,processing,"{""$date"":""2021-02-13T11:28:58.000Z""}",unpaid,32.159
23,193,336,397,"{""$date"":""2021-06-12T05:21:48.000Z""}",368.63,shipped,"{""$date"":""2021-07-06T15:26:54.000Z""}",unpaid,36.863
24,221,376,319,"{""$date"":""2021-10-25T22:17:47.000Z""}",300.31,inTransit,"{""$date"":""2021-06-21T16:56:03.000Z""}",paid,30.031
25,295,299,415,"{""$date"":""2021-01-21T10:53:26.000Z""}",162.01,shipped,"{""$date"":""2021-01-23T23:48:50.000Z""}",unpaid,16.201
26,20,244,292,"{""$date"":""2021-02-23T05:45:49.000Z""}",343.05,shipped,"{""$date"":""2021-03-20T15:24:47.000Z""}",paid,34.305
27,245,297,156,"{""$date"":""2021-02-14T19:33:15.000Z""}",156.89,inTransit,"{""$date"":""2020-12-02T08:16:17.000Z""}",paid,15.689
28,155,50,224,"{""$date"":""2021-02-04T02:21:49.000Z""}",206.29,inTransit,"{""$date"":""2021-01-13T23:26:25.000Z""}",paid,20.629
29,73,92,115,"{""$date"":""2021-09-09T08:53:53.000Z""}",348.86,inTransit,"{""$date"":""2021-10-20T15:30:10.000Z""}",unpaid,34.886
30,313,198,167,"{""$date"":""2021-02-28T18:22:26.000Z""}",290.28,inTransit,"{""$date"":""2021-02-26T21:21:55.000Z""}",unpaid,29.028
31,92,74,267,"{""$date"":""2021-06-28T05:09:29.000Z""}",226.97,shipped,"{""$date"":""2020-11-03T03:31:55.000Z""}",paid,22.697
32,5,398,103,"{""$date"":""2021-08-03T23:05:25.000Z""}",314.19,processing,"{""$date"":""2021-01-15T15:17:58.000Z""}",paid,31.419
33,225,111,145,"{""$date"":""2021-03-05T11:36:07.000Z""}",380.98,processing,"{""$date"":""2020-11-21T03:20:03.000Z""}",paid,38.098
34,68,176,140,"{""$date"":""2021-07-06T02:03:46.000Z""}",339.0,processing,"{""$date"":""2020-12-23T04:49:47.000Z""}",paid,33.9
35,123,385,222,"{""$date"":""2021-01-27T04:54:46.000Z""}",473.02,inTransit,"{""$date"":""2021-10-18T19:11:25.000Z""}",paid,47.302
36,428,389,136,"{""$date"":""2021-05-07T20:15:14.000Z""}",392.7,inTransit,"{""$date"":""2020-11-17T02:49:51.000Z""}",unpaid,39.27
37,328,21,493,"{""$date"":""2021-08-17T13:22:11.000Z""}",93.32,delivered,"{""$date"":""2021-01-30T08:09:55.000Z""}",paid,9.332
38,38,352,487,"{""$date"":""2021-09-04T16:03:32.000Z""}",263.96,delivered,"{""$date"":""2021-05-02T13:57:30.000Z""}",unpaid,26.396
39,65,302,434,"{""$date"":""2021-04-15T10:10:15.000Z""}",287.72,shipped,"{""$date"":""2021-05-29T10:01:46.000Z""}",unpaid,28.772
40,201,177,191,"{""$date"":""2021-09-23T14:34:10.000Z""}",479.78,inTransit,"{""$date"":""2021-05-02T02:25:39.000Z""}",paid,47.978
41,98,139,156,"{""$date"":""2021-10-29T00:12:35.000Z""}",352.28,inTransit,"{""$date"":""2021-07-16T03:17:25.000Z""}",unpaid,35.228
42,185,163,289,"{""$date"":""2021-09-24T22:31:20.000Z""}",433.27,shipped,"{""$date"":""2021-10-19T19:50:46.000Z""}",unpaid,43.327
43,332,164,458,"{""$date"":""2021-10-11T13:56:58.000Z""}",109.86,delivered,"{""$date"":""2020-11-06T10:53:42.000Z""}",unpaid,10.986
44,130,268,309,"{""$date"":""2021-06-17T04:52:46.000Z""}",1.14,processing,"{""$date"":""2021-10-08T23:10:58.000Z""}",unpaid,0.114
45,108,236,220,"{""$date"":""2021-02-23T21:10:02.000Z""}",221.36,shipped,"{""$date"":""2021-08-15T11:32:53.000Z""}",unpaid,22.136
46,439,4,133,"{""$date"":""2021-06-18T06:58:24.000Z""}",240.06,delivered,"{""$date"":""2020-11-29T11:50:51.000Z""}",paid,24.006
47,434,43,381,"{""$date"":""2020-12-23T22:58:41.000Z""}",120.1,delivered,"{""$date"":""2021-02-27T08:45:47.000Z""}",paid,12.01
48,349,335,373,"{""$date"":""2021-05-14T21:28:17.000Z""}",100.06,shipped,"{""$date"":""2021-08-31T18:19:21.000Z""}",unpaid,10.006
49,500,166,336,"{""$date"":""2020-11-25T09:00:54.000Z""}",113.78,inTransit,"{""$date"":""2020-11-25T15:27:14.000Z""}",unpaid,11.378
50,215,376,447,"{""$date"":""2021-05-19T04:44:25.000Z""}",100.4,inTransit,"{""$date"":""2021-02-28T01:33:54.000Z""}",unpaid,10.04
51,475,246,386,"{""$date"":""2020-11-04T07:07:44.000Z""}",21.59,delivered,"{""$date"":""2021-09-06T14:13:45.000Z""}",paid,2.159
52,321,211,448,"{""$date"":""2020-12-18T00:30:43.000Z""}",44.01,shipped,"{""$date"":""2021-07-17T16:48:08.000Z""}",paid,4.401
53,297,201,337,"{""$date"":""2021-10-08T16:43:04.000Z""}",493.3,inTransit,"{""$date"":""2021-09-11T10:33:16.000Z""}",unpaid,49.33
54,151,201,169,"{""$date"":""2021-09-13T19:44:24.000Z""}",270.51,delivered,"{""$date"":""2021-08-19T11:19:24.000Z""}",unpaid,27.051
55,205,46,109,"{""$date"":""2021-07-28T00:27:30.000Z""}",148.66,inTransit,"{""$date"":""2021-07-30T03:51:42.000Z""}",unpaid,14.866
56,90,49,111,"{""$date"":""2021-03-24T05:44:37.000Z""}",144.94,inTransit,"{""$date"":""2021-03-14T10:47:58.000Z""}",paid,14.494
57,353,319,271,"{""$date"":""2021-04-11T20:54:35.000Z""}",247.05,shipped,"{""$date"":""2020-11-03T13:22:59.000Z""}",unpaid,24.705
58,283,341,373,"{""$date"":""2021-04-20T12:30:05.000Z""}",425.7,processing,"{""$date"":""2021-01-02T15:51:40.000Z""}",paid,42.57
59,256,250,165,"{""$date"":""2021-01-09T11:53:39.000Z""}",240.42,shipped,"{""$date"":""2020-11-27T03:42:57.000Z""}",paid,24.042
60,129,291,137,"{""$date"":""2021-02-11T13:03:32.000Z""}",208.62,inTransit,"{""$date"":""2021-04-06T09:54:58.000Z""}",unpaid,20.862
61,401,3,421,"{""$date"":""2021-10-22T18:25:34.000Z""}",115.65,delivered,"{""$date"":""2021-05-04T06:07:29.000Z""}",paid,11.565
62,257,53,167,"{""$date"":""2021-08-06T16:56:19.000Z""}",448.2,shipped,"{""$date"":""2021-09-29T12:10:36.000Z""}",unpaid,44.82
63,217,284,489,"{""$date"":""2020-11-17T19:54:01.000Z""}",10.73,processing,"{""$date"":""2021-01-03T20:48:12.000Z""}",paid,1.073
64,71,321,224,"{""$date"":""2020-11-09T01:03:59.000Z""}",91.41,processing,"{""$date"":""2021-07-21T12:09:53.000Z""}",paid,9.141
65,470,140,432,"{""$date"":""2021-01-20T10:11:50.000Z""}",376.07,delivered,"{""$date"":""2020-12-01T22:04:32.000Z""}",unpaid,37.607
66,350,155,414,"{""$date"":""2021-10-01T02:26:59.000Z""}",171.88,inTransit,"{""$date"":""2021-01-10T06:47:37.000Z""}",paid,17.188
67,85,388,298,"{""$date"":""2021-04-29T17:22:49.000Z""}",396.14,shipped,"{""$date"":""2021-09-13T10:03:00.000Z""}",unpaid,39.614
68,446,61,383,"{""$date"":""2021-01-18T04:55:26.000Z""}",72.33,processing,"{""$date"":""2020-12-15T04:51:39.000Z""}",unpaid,7.233
69,142,32,183,"{""$date"":""2020-11-04T23:45:07.000Z""}",428.58,delivered,"{""$date"":""2021-08-02T09:55:45.000Z""}",paid,42.858
70,159,62,496,"{""$date"":""2021-09-15T09:40:52.000Z""}",268.41,processing,"{""$date"":""2020-12-14T16:35:47.000Z""}",unpaid,26.841
71,298,275,132,"{""$date"":""2021-10-17T00:47:48.000Z""}",480.37,shipped,"{""$date"":""2021-07-22T12:39:26.000Z""}",unpaid,48.037
72,272,73,289,"{""$date"":""2021-07-20T06:47:36.000Z""}",280.4,delivered,"{""$date"":""2021-02-17T12:20:26.000Z""}",unpaid,28.04
73,396,388,336,"{""$date"":""2021-03-21T08:24:28.000Z""}",347.61,processing,"{""$date"":""2021-03-13T16:20:14.000Z""}",paid,34.761
74,80,164,128,"{""$date"":""2021-01-10T01:12:43.000Z""}",397.55,shipped,"{""$date"":""2021-07-25T23:29:41.000Z""}",unpaid,39.755
75,287,334,357,"{""$date"":""2021-07-22T07:35:19.000Z""}",252.69,delivered,"{""$date"":""2021-10-22T22:27:44.000Z""}",paid,25.269
76,436,287,173,"{""$date"":""2021-09-24T06:40:02.000Z""}",402.99,processing,"{""$date"":""2021-04-18T13:10:15.000Z""}",unpaid,40.299
77,175,331,398,"{""$date"":""2021-09-07T16:22:45.000Z""}",455.56,processing,"{""$date"":""2020-11-15T16:35:58.000Z""}",paid,45.556
78,426,124,144,"{""$date"":""2021-02-20T02:08:42.000Z""}",115.19,inTransit,"{""$date"":""2021-07-06T15:53:57.000Z""}",paid,11.519
79,328,198,386,"{""$date"":""2021-06-09T07:53:08.000Z""}",224.92,delivered,"{""$date"":""2021-05-21T14:16:28.000Z""}",unpaid,22.492
80,110,87,363,"{""$date"":""2021-07-07T14:42:42.000Z""}",141.41,processing,"{""$date"":""2021-04-24T08:00:11.000Z""}",unpaid,14.141
81,323,56,357,"{""$date"":""2021-05-27T20:26:55.000Z""}",162.47,inTransit,"{""$date"":""2021-08-04T13:42:40.000Z""}",paid,16.247
82,441,245,493,"{""$date"":""2020-11-27T19:40:16.000Z""}",79.27,delivered,"{""$date"":""2021-06-15T22:42:05.000Z""}",unpaid,7.927
83,459,100,402,"{""$date"":""2021-01-26T14:08:35.000Z""}",487.37,processing,"{""$date"":""2021-06-13T21:48:42.000Z""}",unpaid,48.737
84,257,35,179,"{""$date"":""2021-10-22T19:15:51.000Z""}",263.57,shipped,"{""$date"":""2021-07-05T20:09:11.000Z""}",paid,26.357
85,34,60,474,"{""$date"":""2021-01-25T12:58:52.000Z""}",197.43,shipped,"{""$date"":""2021-10-13T10:45:54.000Z""}",unpaid,19.743
86,410,332,148,"{""$date"":""2021-09-15T05:25:51.000Z""}",180.53,shipped,"{""$date"":""2020-11-25T20:09:11.000Z""}",unpaid,18.053
87,456,252,481,"{""$date"":""2021-10-24T00:51:55.000Z""}",84.57,delivered,"{""$date"":""2021-02-16T06:03:10.000Z""}",paid,8.457
88,489,57,455,"{""$date"":""2021-07-29T15:41:34.000Z""}",295.73,inTransit,"{""$date"":""2021-04-27T10:45:19.000Z""}",unpaid,29.573
89,495,223,251,"{""$date"":""2021-08-24T17:56:40.000Z""}",496.8,shipped,"{""$date"":""2021-04-12T15:14:09.000Z""}",unpaid,49.68
90,205,154,118,"{""$date"":""2021-02-23T10:24:57.000Z""}",61.13,delivered,"{""$date"":""2021-06-20T00:58:10.000Z""}",unpaid,6.113
91,306,275,397,"{""$date"":""2021-05-27T16:21:35.000Z""}",482.78,shipped,"{""$date"":""2021-05-11T15:46:35.000Z""}",paid,48.278
92,177,289,168,"{""$date"":""2021-08-03T21:20:30.000Z""}",148.27,delivered,"{""$date"":""2021-06-03T22:55:10.000Z""}",unpaid,14.827
93,219,14,417,"{""$date"":""2021-05-05T13:34:14.000Z""}",389.71,processing,"{""$date"":""2020-11-16T15:38:32.000Z""}",paid,38.971
94,101,322,227,"{""$date"":""2020-11-05T00:40:36.000Z""}",137.49,delivered,"{""$date"":""2021-01-24T19:56:37.000Z""}",paid,13.749
95,489,148,153,"{""$date"":""2021-06-22T14:53:00.000Z""}",51.32,shipped,"{""$date"":""2020-12-23T09:24:57.000Z""}",unpaid,5.132
96,363,374,343,"{""$date"":""2021-01-24T01:00:49.000Z""}",223.72,delivered,"{""$date"":""2021-03-13T11:29:54.000Z""}",unpaid,22.372
97,168,189,226,"{""$date"":""2020-11-19T04:34:53.000Z""}",178.87,inTransit,"{""$date"":""2021-01-04T03:20:44.000Z""}",paid,17.887
98,52,211,455,"{""$date"":""2021-09-02T15:16:05.000Z""}",293.08,shipped,"{""$date"":""2021-09-21T03:24:49.000Z""}",paid,29.308
99,105,111,210,"{""$date"":""2021-01-25T07:52:09.000Z""}",95.76,processing,"{""$date"":""2021-08-28T14:08:22.000Z""}",unpaid,9.576
100,447,163,303,"{""$date"":""2021-03-17T11:04:42.000Z""}",443.89,shipped,"{""$date"":""2021-01-09T05:05:24.000Z""}",paid,44.389
101,163,167,299,"{""$date"":""2020-11-05T12:40:17.000Z""}",169.37,inTransit,"{""$date"":""2021-03-10T15:21:22.000Z""}",unpaid,16.937
102,137,120,323,"{""$date"":""2021-02-22T20:20:45.000Z""}",135.34,processing,"{""$date"":""2021-07-04T06:26:09.000Z""}",paid,13.534
103,75,150,252,"{""$date"":""2021-04-21T13:01:45.000Z""}",318.52,shipped,"{""$date"":""2021-06-26T07:54:20.000Z""}",paid,31.852
104,140,118,252,"{""$date"":""2021-03-27T20:31:00.000Z""}",121.91,delivered,"{""$date"":""2021-07-27T23:56:38.000Z""}",unpaid,12.191
105,222,212,157,"{""$date"":""2021-05-16T17:39:25.000Z""}",116.7,inTransit,"{""$date"":""2021-01-08T08:39:21.000Z""}",paid,11.67
106,170,43,310,"{""$date"":""2021-03-22T22:38:15.000Z""}",237.76,delivered,"{""$date"":""2020-11-12T11:06:19.000Z""}",paid,23.776
107,274,209,242,"{""$date"":""2021-02-06T08:52:19.000Z""}",376.16,shipped,"{""$date"":""2020-11-22T12:18:23.000Z""}",paid,37.616
108,93,364,202,"{""$date"":""2021-03-18T03:32:57.000Z""}",373.64,shipped,"{""$date"":""2021-05-16T02:58:27.000Z""}",unpaid,37.364
109,283,283,250,"{""$date"":""2021-02-12T05:02:53.000Z""}",11.49,delivered,"{""$date"":""2021-08-21T07:49:39.000Z""}",paid,1.149
110,334,321,403,"{""$date"":""2021-10-15T00:21:46.000Z""}",107.26,processing,"{""$date"":""2021-10-07T15:38:52.000Z""}",unpaid,10.726
111,96,91,118,"{""$date"":""2020-12-05T01:46:01.000Z""}",201.2,delivered,"{""$date"":""2021-01-10T10:58:09.000Z""}",paid,20.12
112,409,350,481,"{""$date"":""2021-08-01T02:58:36.000Z""}",62.28,inTransit,"{""$date"":""2021-04-10T22:27:40.000Z""}",unpaid,6.228
113,173,247,122,"{""$date"":""2021-05-21T10:06:42.000Z""}",329.98,shipped,"{""$date"":""2021-08-30T23:33:56.000Z""}",paid,32.998
114,248,325,180,"{""$date"":""2021-04-06T19:25:00.000Z""}",443.02,inTransit,"{""$date"":""2021-04-26T11:17:35.000Z""}",paid,44.302
115,203,172,214,"{""$date"":""2021-02-07T23:26:59.000Z""}",447.67,inTransit,"{""$date"":""2021-01-11T09:53:38.000Z""}",paid,44.767
116,100,140,436,"{""$date"":""2021-09-26T14:33:19.000Z""}",337.66,delivered,"{""$date"":""2021-02-08T04:53:35.000Z""}",unpaid,33.766
117,3,185,252,"{""$date"":""2021-01-21T13:12:26.000Z""}",467.69,inTransit,"{""$date"":""2021-01-28T19:27:48.000Z""}",paid,46.769
118,88,136,298,"{""$date"":""2021-01-13T02:56:12.000Z""}",484.06,inTransit,"{""$date"":""2020-11-16T10:40:31.000Z""}",unpaid,48.406
119,387,33,420,"{""$date"":""2021-04-20T16:46:29.000Z""}",215.99,shipped,"{""$date"":""2021-07-11T07:41:20.000Z""}",paid,21.599
120,90,238,215,"{""$date"":""2020-11-15T00:20:19.000Z""}",417.02,inTransit,"{""$date"":""2021-05-07T05:39:53.000Z""}",unpaid,41.702
121,115,9,191,"{""$date"":""2021-10-02T13:20:27.000Z""}",105.93,shipped,"{""$date"":""2021-09-30T21:54:02.000Z""}",paid,10.593
122,32,301,170,"{""$date"":""2020-12-04T03:31:33.000Z""}",444.31,delivered,"{""$date"":""2021-10-29T19:49:34.000Z""}",paid,44.431
123,377,44,172,"{""$date"":""2021-07-18T16:29:49.000Z""}",224.24,inTransit,"{""$date"":""2021-03-19T21:34:47.000Z""}",unpaid,22.424
124,390,151,310,"{""$date"":""2021-10-08T15:22:49.000Z""}",82.71,processing,"{""$date"":""2021-02-06T12:45:59.000Z""}",unpaid,8.271
125,278,38,162,"{""$date"":""2021-07-09T00:52:45.000Z""}",51.42,inTransit,"{""$date"":""2021-10-27T02:27:41.000Z""}",paid,5.142
126,82,163,414,"{""$date"":""2021-06-26T17:11:06.000Z""}",409.53,delivered,"{""$date"":""2021-05-11T09:52:18.000Z""}",unpaid,40.953
127,355,198,162,"{""$date"":""2021-04-05T23:25:57.000Z""}",179.96,shipped,"{""$date"":""2021-01-26T02:24:53.000Z""}",paid,17.996
128,470,28,346,"{""$date"":""2021-06-15T05:03:12.000Z""}",362.41,delivered,"{""$date"":""2021-10-02T22:09:44.000Z""}",paid,36.241
129,332,325,274,"{""$date"":""2021-05-05T10:39:58.000Z""}",148.98,processing,"{""$date"":""2021-04-06T00:20:43.000Z""}",paid,14.898
130,170,325,350,"{""$date"":""2021-01-04T10:23:45.000Z""}",89.39,processing,"{""$date"":""2021-10-16T03:23:03.000Z""}",paid,8.939
131,67,222,171,"{""$date"":""2021-04-03T02:23:42.000Z""}",61.31,delivered,"{""$date"":""2021-09-01T08:53:11.000Z""}",unpaid,6.131
132,338,309,375,"{""$date"":""2021-05-29T04:53:05.000Z""}",319.43,inTransit,"{""$date"":""2021-10-09T14:03:55.000Z""}",paid,31.943
133,500,6,275,"{""$date"":""2020-11-06T20:35:49.000Z""}",248.17,shipped,"{""$date"":""2021-06-26T01:22:23.000Z""}",unpaid,24.817
134,50,78,468,"{""$date"":""2021-01-11T05:05:25.000Z""}",131.93,inTransit,"{""$date"":""2021-10-29T05:20:14.000Z""}",paid,13.193
135,175,165,414,"{""$date"":""2021-02-02T10:32:05.000Z""}",196.33,delivered,"{""$date"":""2021-08-04T21:23:22.000Z""}",unpaid,19.633
136,349,45,473,"{""$date"":""2020-11-18T16:32:56.000Z""}",111.35,processing,"{""$date"":""2021-10-05T08:25:21.000Z""}",unpaid,11.135
137,361,107,444,"{""$date"":""2021-03-13T09:54:48.000Z""}",422.77,delivered,"{""$date"":""2021-09-25T18:26:11.000Z""}",unpaid,42.277
138,187,5,426,"{""$date"":""2020-11-10T17:03:00.000Z""}",359.26,delivered,"{""$date"":""2021-03-04T06:45:13.000Z""}",paid,35.926
139,11,10,213,"{""$date"":""2020-12-20T10:53:39.000Z""}",12.83,processing,"{""$date"":""2021-04-04T06:43:12.000Z""}",unpaid,1.283
140,291,389,254,"{""$date"":""2020-12-02T04:53:28.000Z""}",61.21,delivered,"{""$date"":""2021-10-07T18:53:58.000Z""}",paid,6.121
141,428,171,292,"{""$date"":""2021-09-07T14:37:01.000Z""}",141.85,delivered,"{""$date"":""2020-11-04T20:34:35.000Z""}",paid,14.185
142,252,227,297,"{""$date"":""2021-07-19T06:03:07.000Z""}",205.56,delivered,"{""$date"":""2021-04-16T10:48:10.000Z""}",unpaid,20.556
143,326,400,404,"{""$date"":""2021-02-28T12:31:19.000Z""}",87.28,delivered,"{""$date"":""2020-11-28T08:00:57.000Z""}",unpaid,8.728
144,170,19,272,"{""$date"":""2021-04-28T00:40:15.000Z""}",94.5,delivered,"{""$date"":""2021-07-28T19:28:13.000Z""}",unpaid,9.45
145,399,365,138,"{""$date"":""2021-06-15T13:50:15.000Z""}",49.11,processing,"{""$date"":""2021-08-11T08:43:50.000Z""}",paid,4.911
146,286,26,280,"{""$date"":""2021-06-04T19:15:45.000Z""}",233.49,processing,"{""$date"":""2021-06-04T09:23:40.000Z""}",unpaid,23.349
147,500,209,477,"{""$date"":""2021-04-29T21:09:43.000Z""}",401.32,delivered,"{""$date"":""2021-05-31T23:28:39.000Z""}",unpaid,40.132
148,208,98,314,"{""$date"":""2021-02-12T19:24:33.000Z""}",132.91,inTransit,"{""$date"":""2020-12-29T14:02:35.000Z""}",unpaid,13.291
149,198,224,213,"{""$date"":""2020-12-27T07:45:04.000Z""}",117.77,inTransit,"{""$date"":""2021-09-08T23:11:47.000Z""}",unpaid,11.777
150,87,3,431,"{""$date"":""2021-10-03T17:53:51.000Z""}",78.28,inTransit,"{""$date"":""2021-10-18T12:19:23.000Z""}",paid,7.828
151,59,157,303,"{""$date"":""2021-02-13T05:38:43.000Z""}",363.59,shipped,"{""$date"":""2021-06-11T01:55:39.000Z""}",unpaid,36.359
152,38,339,410,"{""$date"":""2021-10-04T10:48:32.000Z""}",203.57,inTransit,"{""$date"":""2021-01-13T17:56:22.000Z""}",unpaid,20.357
153,42,105,287,"{""$date"":""2021-02-15T08:39:34.000Z""}",210.98,processing,"{""$date"":""2021-10-13T04:46:04.000Z""}",unpaid,21.098
154,369,87,194,"{""$date"":""2021-08-17T22:40:48.000Z""}",343.4,delivered,"{""$date"":""2021-03-07T21:06:54.000Z""}",unpaid,34.34
155,174,249,477,"{""$date"":""2021-01-14T10:44:53.000Z""}",497.1,delivered,"{""$date"":""2021-08-26T04:30:39.000Z""}",unpaid,49.71
156,9,19,214,"{""$date"":""2020-11-30T04:29:46.000Z""}",89.6,inTransit,"{""$date"":""2021-10-28T09:50:41.000Z""}",unpaid,8.96
157,422,51,150,"{""$date"":""2021-03-21T00:29:01.000Z""}",176.68,delivered,"{""$date"":""2021-03-12T13:34:38.000Z""}",unpaid,17.668
158,285,261,465,"{""$date"":""2021-09-14T03:34:37.000Z""}",170.7,inTransit,"{""$date"":""2021-09-29T01:03:40.000Z""}",paid,17.07
159,152,4,463,"{""$date"":""2020-12-21T22:21:42.000Z""}",326.78,delivered,"{""$date"":""2021-03-13T06:48:46.000Z""}",paid,32.678
160,481,25,303,"{""$date"":""2021-01-12T02:23:00.000Z""}",5.03,inTransit,"{""$date"":""2021-02-26T04:39:32.000Z""}",paid,0.503
161,55,195,324,"{""$date"":""2020-12-27T21:02:41.000Z""}",494.51,processing,"{""$date"":""2021-01-02T19:35:35.000Z""}",paid,49.451
162,120,57,239,"{""$date"":""2021-03-25T11:57:32.000Z""}",452.25,inTransit,"{""$date"":""2020-12-27T12:52:20.000Z""}",paid,45.225
163,103,200,222,"{""$date"":""2020-12-23T02:36:46.000Z""}",11.0,inTransit,"{""$date"":""2021-08-23T12:29:38.000Z""}",unpaid,1.1
164,111,61,304,"{""$date"":""2021-02-13T19:01:53.000Z""}",215.2,inTransit,"{""$date"":""2021-05-19T21:18:30.000Z""}",paid,21.52
165,280,278,482,"{""$date"":""2020-11-10T04:59:38.000Z""}",17.62,delivered,"{""$date"":""2021-10-12T09:26:10.000Z""}",unpaid,1.762
166,438,62,264,"{""$date"":""2021-09-19T22:03:40.000Z""}",117.17,delivered,"{""$date"":""2021-03-26T22:30:34.000Z""}",paid,11.717
167,477,317,375,"{""$date"":""2021-10-04T00:24:03.000Z""}",414.9,processing,"{""$date"":""2021-09-24T08:28:53.000Z""}",paid,41.49
168,167,70,289,"{""$date"":""2021-03-20T23:55:16.000Z""}",487.4,processing,"{""$date"":""2020-11-11T03:08:23.000Z""}",paid,48.74
169,296,329,426,"{""$date"":""2021-04-21T04:26:26.000Z""}",319.56,processing,"{""$date"":""2021-04-08T16:55:19.000Z""}",paid,31.956
170,168,69,428,"{""$date"":""2021-08-12T03:12:01.000Z""}",414.08,shipped,"{""$date"":""2021-09-29T17:20:36.000Z""}",unpaid,41.408
171,359,18,422,"{""$date"":""2020-12-21T05:56:58.000Z""}",295.85,inTransit,"{""$date"":""2021-10-03T19:26:23.000Z""}",unpaid,29.585
172,204,172,365,"{""$date"":""2021-08-29T09:03:10.000Z""}",403.35,inTransit,"{""$date"":""2021-08-08T09:39:44.000Z""}",unpaid,40.335
173,378,26,458,"{""$date"":""2020-11-21T01:36:39.000Z""}",166.05,shipped,"{""$date"":""2021-03-23T12:25:43.000Z""}",paid,16.605
174,349,30,396,"{""$date"":""2021-04-21T08:13:33.000Z""}",405.92,inTransit,"{""$date"":""2021-08-04T18:44:09.000Z""}",unpaid,40.592
175,229,287,119,"{""$date"":""2021-05-22T12:04:31.000Z""}",122.18,shipped,"{""$date"":""2021-01-10T15:11:12.000Z""}",unpaid,12.218
176,368,284,232,"{""$date"":""2021-09-02T20:57:16.000Z""}",348.63,processing,"{""$date"":""2021-08-13T10:31:42.000Z""}",paid,34.863
177,112,226,372,"{""$date"":""2020-11-04T09:27:56.000Z""}",448.4,inTransit,"{""$date"":""2020-11-28T00:41:18.000Z""}",unpaid,44.84
178,385,131,453,"{""$date"":""2021-01-30T19:31:59.000Z""}",332.48,delivered,"{""$date"":""2021-03-12T21:06:07.000Z""}",unpaid,33.248
179,439,348,249,"{""$date"":""2021-04-22T23:07:58.000Z""}",443.85,processing,"{""$date"":""2021-01-10T17:24:42.000Z""}",unpaid,44.385
180,59,261,198,"{""$date"":""2021-03-11T15:11:28.000Z""}",495.84,shipped,"{""$date"":""2021-02-23T18:21:54.000Z""}",unpaid,49.584
181,284,85,228,"{""$date"":""2021-08-28T08:06:30.000Z""}",116.17,delivered,"{""$date"":""2021-05-10T10:48:23.000Z""}",paid,11.617
182,312,168,296,"{""$date"":""2021-03-29T02:55:49.000Z""}",389.11,shipped,"{""$date"":""2021-03-27T16:24:16.000Z""}",unpaid,38.911
183,87,333,226,"{""$date"":""2021-04-02T16:14:07.000Z""}",299.31,processing,"{""$date"":""2021-07-11T20:22:13.000Z""}",unpaid,29.931
184,67,59,287,"{""$date"":""2021-05-22T05:54:35.000Z""}",378.34,inTransit,"{""$date"":""2021-03-08T13:28:41.000Z""}",unpaid,37.834
185,445,173,307,"{""$date"":""2021-05-30T01:03:11.000Z""}",161.31,shipped,"{""$date"":""2021-02-15T16:48:31.000Z""}",unpaid,16.131
186,82,376,273,"{""$date"":""2021-07-24T00:29:56.000Z""}",42.35,inTransit,"{""$date"":""2021-03-10T21:19:13.000Z""}",unpaid,4.235
187,166,111,154,"{""$date"":""2021-03-22T06:22:22.000Z""}",455.79,processing,"{""$date"":""2021-10-29T02:07:35.000Z""}",paid,45.579
188,277,261,484,"{""$date"":""2021-06-13T18:09:54.000Z""}",459.19,inTransit,"{""$date"":""2021-05-04T09:09:07.000Z""}",unpaid,45.919
189,309,79,224,"{""$date"":""2021-02-09T15:00:33.000Z""}",158.64,processing,"{""$date"":""2021-09-19T02:34:41.000Z""}",unpaid,15.864
190,386,120,430,"{""$date"":""2021-03-08T08:04:27.000Z""}",258.19,shipped,"{""$date"":""2021-01-09T01:05:21.000Z""}",paid,25.819
191,295,271,388,"{""$date"":""2021-02-11T06:48:41.000Z""}",212.31,delivered,"{""$date"":""2020-11-05T09:46:21.000Z""}",unpaid,21.231
192,67,187,222,"{""$date"":""2021-10-17T02:22:20.000Z""}",329.12,inTransit,"{""$date"":""2021-08-14T14:29:50.000Z""}",unpaid,32.912
193,290,178,334,"{""$date"":""2021-04-12T16:14:44.000Z""}",389.95,delivered,"{""$date"":""2021-03-08T13:52:27.000Z""}",unpaid,38.995
194,370,228,170,"{""$date"":""2021-07-08T02:50:52.000Z""}",248.72,delivered,"{""$date"":""2021-06-05T09:33:51.000Z""}",paid,24.872
195,186,235,308,"{""$date"":""2021-02-04T20:03:15.000Z""}",419.85,inTransit,"{""$date"":""2021-10-05T19:17:35.000Z""}",unpaid,41.985
196,75,356,200,"{""$date"":""2021-03-27T15:31:05.000Z""}",491.74,shipped,"{""$date"":""2021-02-19T19:20:16.000Z""}",unpaid,49.174
197,83,128,184,"{""$date"":""2021-05-20T04:22:33.000Z""}",249.95,shipped,"{""$date"":""2021-09-03T23:15:49.000Z""}",unpaid,24.995
198,52,181,334,"{""$date"":""2021-03-26T11:45:01.000Z""}",239.81,delivered,"{""$date"":""2020-12-22T08:33:15.000Z""}",paid,23.981
199,374,113,417,"{""$date"":""2021-08-05T06:05:43.000Z""}",490.09,delivered,"{""$date"":""2021-03-07T02:35:44.000Z""}",paid,49.009
200,63,133,140,"{""$date"":""2021-02-12T13:50:54.000Z""}",391.1,processing,"{""$date"":""2020-12-16T09:44:11.000Z""}",paid,39.11
201,475,145,327,"{""$date"":""2021-07-24T05:15:27.000Z""}",400.71,inTransit,"{""$date"":""2021-04-29T08:25:52.000Z""}",paid,40.071
202,83,263,300,"{""$date"":""2020-11-21T18:19:42.000Z""}",201.14,shipped,"{""$date"":""2021-08-08T19:22:33.000Z""}",unpaid,20.114
203,113,305,252,"{""$date"":""2021-07-24T00:44:25.000Z""}",413.85,processing,"{""$date"":""2021-07-27T12:38:56.000Z""}",unpaid,41.385
204,288,330,344,"{""$date"":""2021-08-07T00:17:37.000Z""}",285.8,delivered,"{""$date"":""2021-04-08T17:54:11.000Z""}",unpaid,28.58
205,398,137,399,"{""$date"":""2021-07-28T11:50:22.000Z""}",407.95,processing,"{""$date"":""2021-10-08T01:31:15.000Z""}",paid,40.795
206,426,262,260,"{""$date"":""2021-05-15T15:46:24.000Z""}",348.88,delivered,"{""$date"":""2021-03-05T10:22:13.000Z""}",unpaid,34.888
207,69,102,478,"{""$date"":""2020-12-07T16:39:47.000Z""}",298.07,delivered,"{""$date"":""2021-08-29T23:36:43.000Z""}",paid,29.807
208,377,148,387,"{""$date"":""2021-04-18T18:30:00.000Z""}",424.94,shipped,"{""$date"":""2021-01-24T02:36:21.000Z""}",paid,42.494
209,264,305,437,"{""$date"":""2021-10-24T18:34:13.000Z""}",56.4,inTransit,"{""$date"":""2021-09-04T23:18:05.000Z""}",paid,5.64
210,85,176,152,"{""$date"":""2021-10-27T01:42:43.000Z""}",405.36,processing,"{""$date"":""2020-12-03T09:33:13.000Z""}",paid,40.536
211,55,169,318,"{""$date"":""2021-10-09T03:51:48.000Z""}",189.78,processing,"{""$date"":""2021-02-26T21:32:32.000Z""}",unpaid,18.978
212,98,394,317,"{""$date"":""2021-10-08T11:01:28.000Z""}",452.36,delivered,"{""$date"":""2021-03-11T06:33:16.000Z""}",unpaid,45.236
213,212,45,172,"{""$date"":""2021-10-21T13:04:22.000Z""}",160.97,inTransit,"{""$date"":""2020-11-18T04:27:19.000Z""}",paid,16.097
214,123,253,278,"{""$date"":""2021-08-31T19:02:44.000Z""}",165.03,inTransit,"{""$date"":""2021-04-02T20:11:22.000Z""}",paid,16.503
215,79,384,238,"{""$date"":""2021-07-13T12:13:05.000Z""}",302.3,processing,"{""$date"":""2021-02-23T16:39:52.000Z""}",unpaid,30.23
216,67,399,494,"{""$date"":""2021-08-28T10:42:53.000Z""}",240.93,delivered,"{""$date"":""2021-07-28T03:15:13.000Z""}",paid,24.093
217,389,327,455,"{""$date"":""2021-07-01T08:38:18.000Z""}",103.37,shipped,"{""$date"":""2021-10-26T17:38:07.000Z""}",unpaid,10.337
218,233,168,467,"{""$date"":""2020-11-28T18:17:33.000Z""}",44.65,shipped,"{""$date"":""2021-09-03T20:42:10.000Z""}",paid,4.465
219,440,182,307,"{""$date"":""2021-02-14T21:31:53.000Z""}",154.97,inTransit,"{""$date"":""2021-04-09T19:07:48.000Z""}",paid,15.497
220,27,88,125,"{""$date"":""2021-04-05T06:53:27.000Z""}",442.03,shipped,"{""$date"":""2021-05-31T04:42:34.000Z""}",paid,44.203
221,96,183,311,"{""$date"":""2021-04-06T12:23:55.000Z""}",378.66,inTransit,"{""$date"":""2021-07-29T13:02:10.000Z""}",unpaid,37.866
222,487,184,324,"{""$date"":""2021-10-12T21:57:44.000Z""}",283.47,processing,"{""$date"":""2021-03-27T00:24:58.000Z""}",paid,28.347
223,67,196,191,"{""$date"":""2020-12-13T15:18:44.000Z""}",222.24,processing,"{""$date"":""2021-02-25T07:53:23.000Z""}",unpaid,22.224
224,256,86,376,"{""$date"":""2021-04-19T17:52:33.000Z""}",335.31,inTransit,"{""$date"":""2021-03-06T17:55:28.000Z""}",unpaid,33.531
225,83,217,254,"{""$date"":""2021-09-16T23:55:27.000Z""}",89.84,shipped,"{""$date"":""2020-11-03T05:42:55.000Z""}",paid,8.984
226,472,20,115,"{""$date"":""2021-05-19T02:23:29.000Z""}",167.73,delivered,"{""$date"":""2021-04-25T13:29:50.000Z""}",paid,16.773
227,311,400,467,"{""$date"":""2021-04-08T11:15:47.000Z""}",172.46,shipped,"{""$date"":""2020-12-10T18:43:32.000Z""}",unpaid,17.246
228,66,281,129,"{""$date"":""2021-07-21T19:46:11.000Z""}",424.74,shipped,"{""$date"":""2021-08-21T04:28:33.000Z""}",paid,42.474
229,312,53,105,"{""$date"":""2021-02-03T21:54:26.000Z""}",150.3,delivered,"{""$date"":""2021-01-27T01:27:41.000Z""}",paid,15.03
230,143,343,113,"{""$date"":""2021-04-23T04:22:04.000Z""}",375.66,shipped,"{""$date"":""2021-08-24T15:34:02.000Z""}",unpaid,37.566
231,421,394,271,"{""$date"":""2021-06-19T22:42:00.000Z""}",374.76,processing,"{""$date"":""2021-01-04T02:24:18.000Z""}",unpaid,37.476
232,73,122,344,"{""$date"":""2020-11-28T21:50:14.000Z""}",358.39,shipped,"{""$date"":""2021-10-09T07:33:45.000Z""}",paid,35.839
233,311,176,323,"{""$date"":""2021-01-16T01:39:05.000Z""}",408.63,shipped,"{""$date"":""2021-03-03T09:16:02.000Z""}",paid,40.863
234,155,391,202,"{""$date"":""2021-05-29T15:18:44.000Z""}",409.47,shipped,"{""$date"":""2021-08-18T14:10:37.000Z""}",paid,40.947
235,148,81,479,"{""$date"":""2021-04-17T05:17:50.000Z""}",194.27,shipped,"{""$date"":""2020-11-09T07:49:19.000Z""}",unpaid,19.427
236,164,304,188,"{""$date"":""2021-08-13T02:02:42.000Z""}",386.38,shipped,"{""$date"":""2021-05-02T02:06:09.000Z""}",unpaid,38.638
237,496,157,245,"{""$date"":""2021-02-04T09:56:02.000Z""}",390.21,shipped,"{""$date"":""2020-12-16T20:52:39.000Z""}",unpaid,39.021
238,157,230,335,"{""$date"":""2021-06-02T09:39:19.000Z""}",397.27,shipped,"{""$date"":""2021-10-22T08:12:27.000Z""}",paid,39.727
239,273,22,212,"{""$date"":""2021-02-07T00:11:40.000Z""}",352.95,delivered,"{""$date"":""2021-05-26T13:32:42.000Z""}",unpaid,35.295
240,264,176,167,"{""$date"":""2021-02-04T15:15:14.000Z""}",363.48,inTransit,"{""$date"":""2021-02-27T14:37:57.000Z""}",paid,36.348
241,195,291,230,"{""$date"":""2021-01-05T16:41:15.000Z""}",403.4,inTransit,"{""$date"":""2021-03-31T08:45:45.000Z""}",unpaid,40.34
242,252,93,214,"{""$date"":""2020-12-26T05:19:05.000Z""}",75.05,inTransit,"{""$date"":""2021-02-14T00:26:10.000Z""}",unpaid,7.505
243,150,184,156,"{""$date"":""2021-10-14T20:18:56.000Z""}",441.87,shipped,"{""$date"":""2021-06-20T23:39:36.000Z""}",unpaid,44.187
244,201,146,219,"{""$date"":""2021-07-04T21:08:06.000Z""}",40.81,shipped,"{""$date"":""2021-01-22T06:36:12.000Z""}",paid,4.081
245,14,315,319,"{""$date"":""2021-09-15T21:22:37.000Z""}",49.47,delivered,"{""$date"":""2021-09-27T22:31:54.000Z""}",paid,4.947
246,383,324,176,"{""$date"":""2021-01-28T06:00:43.000Z""}",441.99,shipped,"{""$date"":""2020-11-21T12:42:23.000Z""}",unpaid,44.199
247,100,94,156,"{""$date"":""2021-07-22T19:51:58.000Z""}",499.47,shipped,"{""$date"":""2021-04-13T19:46:30.000Z""}",unpaid,49.947
248,218,385,389,"{""$date"":""2021-01-19T21:52:22.000Z""}",352.78,processing,"{""$date"":""2021-09-06T08:33:12.000Z""}",unpaid,35.278
249,80,385,108,"{""$date"":""2021-01-16T16:47:24.000Z""}",149.38,delivered,"{""$date"":""2021-10-02T08:40:03.000Z""}",unpaid,14.938
250,297,233,241,"{""$date"":""2021-03-26T18:30:55.000Z""}",445.72,inTransit,"{""$date"":""2021-07-20T08:34:42.000Z""}",unpaid,44.572
251,82,283,119,"{""$date"":""2021-03-23T00:05:32.000Z""}",81.03,inTransit,"{""$date"":""2021-07-23T21:54:38.000Z""}",unpaid,8.103
252,108,106,106,"{""$date"":""2021-03-25T07:05:10.000Z""}",389.29,delivered,"{""$date"":""2021-07-27T20:45:01.000Z""}",unpaid,38.929
253,269,108,471,"{""$date"":""2021-02-15T05:22:57.000Z""}",201.78,delivered,"{""$date"":""2021-03-03T19:07:41.000Z""}",unpaid,20.178
254,429,353,285,"{""$date"":""2021-07-18T06:32:33.000Z""}",122.03,inTransit,"{""$date"":""2021-09-29T03:43:12.000Z""}",paid,12.203
255,336,182,325,"{""$date"":""2021-08-03T05:15:37.000Z""}",445.63,shipped,"{""$date"":""2020-12-06T00:01:16.000Z""}",unpaid,44.563
256,278,325,189,"{""$date"":""2021-07-05T06:58:42.000Z""}",441.75,processing,"{""$date"":""2021-09-12T05:20:37.000Z""}",unpaid,44.175
257,238,225,240,"{""$date"":""2021-05-29T10:09:07.000Z""}",141.16,processing,"{""$date"":""2020-12-06T19:36:26.000Z""}",unpaid,14.116
258,40,175,393,"{""$date"":""2021-09-27T13:07:42.000Z""}",31.56,inTransit,"{""$date"":""2021-06-07T20:03:50.000Z""}",unpaid,3.156
259,73,329,406,"{""$date"":""2021-09-02T01:17:27.000Z""}",110.91,delivered,"{""$date"":""2021-05-27T18:13:51.000Z""}",paid,11.091
260,92,194,485,"{""$date"":""2021-07-22T09:02:54.000Z""}",13.7,inTransit,"{""$date"":""2021-03-16T17:41:51.000Z""}",paid,1.37
261,73,399,109,"{""$date"":""2021-09-29T17:26:11.000Z""}",134.3,inTransit,"{""$date"":""2021-09-07T09:55:00.000Z""}",paid,13.43
262,140,362,443,"{""$date"":""2020-11-26T01:47:05.000Z""}",498.68,inTransit,"{""$date"":""2020-12-15T06:06:09.000Z""}",unpaid,49.868
263,481,208,142,"{""$date"":""2021-08-07T13:58:20.000Z""}",446.05,inTransit,"{""$date"":""2020-12-24T07:52:36.000Z""}",unpaid,44.605
264,320,228,418,"{""$date"":""2021-03-26T21:12:59.000Z""}",459.83,delivered,"{""$date"":""2021-05-08T04:15:26.000Z""}",paid,45.983
265,138,381,347,"{""$date"":""2021-06-24T17:53:08.000Z""}",91.76,processing,"{""$date"":""2021-10-07T10:39:39.000Z""}",unpaid,9.176
266,35,116,485,"{""$date"":""2021-05-05T21:02:30.000Z""}",461.12,shipped,"{""$date"":""2021-03-02T06:00:46.000Z""}",paid,46.112
267,399,260,289,"{""$date"":""2020-11-30T03:59:19.000Z""}",89.12,inTransit,"{""$date"":""2020-11-21T18:07:50.000Z""}",unpaid,8.912
268,414,257,311,"{""$date"":""2021-01-30T18:21:59.000Z""}",81.92,delivered,"{""$date"":""2020-11-18T14:14:46.000Z""}",paid,8.192
269,364,112,292,"{""$date"":""2021-08-04T13:15:14.000Z""}",224.79,shipped,"{""$date"":""2021-07-15T17:20:35.000Z""}",unpaid,22.479
270,159,169,281,"{""$date"":""2021-06-01T06:00:44.000Z""}",69.85,shipped,"{""$date"":""2021-01-14T18:46:10.000Z""}",paid,6.985
271,221,173,445,"{""$date"":""2021-04-06T20:50:30.000Z""}",444.13,processing,"{""$date"":""2020-12-31T09:53:41.000Z""}",paid,44.413
272,164,191,111,"{""$date"":""2021-02-11T07:59:34.000Z""}",207.56,shipped,"{""$date"":""2021-08-31T12:45:08.000Z""}",paid,20.756
273,312,156,383,"{""$date"":""2020-12-11T18:09:27.000Z""}",162.37,processing,"{""$date"":""2021-03-15T09:39:43.000Z""}",unpaid,16.237
274,447,4,463,"{""$date"":""2021-08-04T13:00:19.000Z""}",248.51,delivered,"{""$date"":""2020-11-08T04:14:12.000Z""}",unpaid,24.851
275,95,370,462,"{""$date"":""2020-11-06T20:18:43.000Z""}",146.1,inTransit,"{""$date"":""2021-05-16T19:48:31.000Z""}",unpaid,14.61
276,45,245,420,"{""$date"":""2020-11-05T03:33:29.000Z""}",347.88,inTransit,"{""$date"":""2020-11-08T21:07:48.000Z""}",unpaid,34.788
277,301,172,176,"{""$date"":""2021-02-21T14:07:11.000Z""}",276.54,shipped,"{""$date"":""2020-12-12T07:49:24.000Z""}",unpaid,27.654
278,442,10,412,"{""$date"":""2021-07-12T09:56:27.000Z""}",387.38,shipped,"{""$date"":""2020-11-12T16:11:00.000Z""}",unpaid,38.738
279,245,389,456,"{""$date"":""2021-05-28T19:22:33.000Z""}",467.17,processing,"{""$date"":""2020-12-29T03:43:34.000Z""}",paid,46.717
280,335,311,442,"{""$date"":""2020-11-22T20:25:52.000Z""}",287.24,shipped,"{""$date"":""2021-10-24T15:11:44.000Z""}",unpaid,28.724
281,315,258,209,"{""$date"":""2021-04-04T09:40:22.000Z""}",438.74,shipped,"{""$date"":""2021-02-20T04:01:06.000Z""}",paid,43.874
282,131,127,368,"{""$date"":""2021-07-02T01:21:03.000Z""}",118.91,inTransit,"{""$date"":""2021-10-25T03:03:01.000Z""}",unpaid,11.891
283,327,209,374,"{""$date"":""2021-09-14T19:37:32.000Z""}",61.71,shipped,"{""$date"":""2021-03-27T12:23:21.000Z""}",paid,6.171
284,139,192,260,"{""$date"":""2020-12-05T16:56:41.000Z""}",259.66,inTransit,"{""$date"":""2020-11-11T07:03:56.000Z""}",unpaid,25.966
285,247,146,442,"{""$date"":""2021-03-08T03:56:05.000Z""}",441.71,processing,"{""$date"":""2021-09-20T17:50:57.000Z""}",paid,44.171
286,382,347,325,"{""$date"":""2020-12-02T16:29:11.000Z""}",123.38,shipped,"{""$date"":""2021-06-18T00:15:09.000Z""}",paid,12.338
287,139,42,447,"{""$date"":""2021-08-05T06:28:29.000Z""}",494.6,shipped,"{""$date"":""2021-08-29T03:22:52.000Z""}",unpaid,49.46
288,46,197,441,"{""$date"":""2021-06-28T13:01:27.000Z""}",490.18,shipped,"{""$date"":""2021-10-18T09:29:45.000Z""}",unpaid,49.018
289,29,245,470,"{""$date"":""2021-07-21T13:57:02.000Z""}",202.58,delivered,"{""$date"":""2021-10-08T06:49:01.000Z""}",paid,20.258
290,366,322,410,"{""$date"":""2021-02-19T16:38:35.000Z""}",227.67,processing,"{""$date"":""2021-02-10T23:19:31.000Z""}",paid,22.767
291,320,196,356,"{""$date"":""2021-10-21T13:25:05.000Z""}",161.62,inTransit,"{""$date"":""2021-10-26T03:16:39.000Z""}",paid,16.162
292,488,4,316,"{""$date"":""2021-07-01T17:56:21.000Z""}",481.18,processing,"{""$date"":""2021-01-10T20:13:19.000Z""}",paid,48.118
293,315,252,251,"{""$date"":""2021-01-17T07:41:22.000Z""}",23.49,processing,"{""$date"":""2021-05-15T05:11:05.000Z""}",unpaid,2.349
294,121,64,428,"{""$date"":""2021-07-22T04:03:37.000Z""}",432.54,inTransit,"{""$date"":""2021-07-24T00:42:10.000Z""}",paid,43.254
295,119,176,253,"{""$date"":""2020-11-24T08:14:42.000Z""}",283.01,inTransit,"{""$date"":""2021-08-26T12:34:21.000Z""}",paid,28.301
296,261,43,368,"{""$date"":""2021-03-17T16:20:34.000Z""}",204.93,processing,"{""$date"":""2021-08-16T10:02:35.000Z""}",paid,20.493
297,230,21,433,"{""$date"":""2021-01-23T22:51:19.000Z""}",497.51,inTransit,"{""$date"":""2021-09-27T01:58:46.000Z""}",paid,49.751
298,96,212,330,"{""$date"":""2021-06-30T15:40:11.000Z""}",157.03,processing,"{""$date"":""2021-05-19T19:34:12.000Z""}",unpaid,15.703
299,76,235,460,"{""$date"":""2021-06-21T15:40:14.000Z""}",71.47,processing,"{""$date"":""2021-08-28T16:24:09.000Z""}",unpaid,7.147
300,187,40,192,"{""$date"":""2021-02-17T00:21:30.000Z""}",488.84,processing,"{""$date"":""2021-04-07T20:03:41.000Z""}",paid,48.884
301,350,384,158,"{""$date"":""2021-03-17T03:35:13.000Z""}",43.89,inTransit,"{""$date"":""2021-08-11T22:01:52.000Z""}",unpaid,4.389
302,164,136,307,"{""$date"":""2021-09-27T21:19:56.000Z""}",421.68,inTransit,"{""$date"":""2020-12-26T23:55:08.000Z""}",paid,42.168
303,226,399,449,"{""$date"":""2021-08-20T12:02:14.000Z""}",64.31,inTransit,"{""$date"":""2021-06-20T05:54:20.000Z""}",unpaid,6.431
304,98,143,450,"{""$date"":""2021-01-31T23:37:41.000Z""}",402.44,delivered,"{""$date"":""2021-10-09T03:08:12.000Z""}",paid,40.244
305,248,166,226,"{""$date"":""2020-11-10T18:29:17.000Z""}",9.49,shipped,"{""$date"":""2020-12-10T23:15:20.000Z""}",paid,0.949
306,357,35,242,"{""$date"":""2021-04-04T15:42:56.000Z""}",417.29,inTransit,"{""$date"":""2021-10-31T08:17:19.000Z""}",unpaid,41.729
307,235,336,195,"{""$date"":""2021-10-16T04:52:02.000Z""}",447.71,shipped,"{""$date"":""2021-04-20T23:08:29.000Z""}",paid,44.771
308,136,22,248,"{""$date"":""2021-08-24T21:38:10.000Z""}",89.69,processing,"{""$date"":""2021-10-07T13:40:00.000Z""}",unpaid,8.969
309,23,189,267,"{""$date"":""2021-07-30T23:25:25.000Z""}",82.72,shipped,"{""$date"":""2021-07-03T01:17:57.000Z""}",unpaid,8.272
310,327,362,398,"{""$date"":""2021-07-10T12:09:02.000Z""}",463.9,inTransit,"{""$date"":""2021-04-02T19:46:36.000Z""}",unpaid,46.39
311,9,83,298,"{""$date"":""2021-08-30T09:40:46.000Z""}",480.11,shipped,"{""$date"":""2021-06-13T22:40:55.000Z""}",paid,48.011
312,291,29,262,"{""$date"":""2021-10-17T21:33:31.000Z""}",358.39,delivered,"{""$date"":""2021-08-28T18:14:14.000Z""}",unpaid,35.839
313,159,236,111,"{""$date"":""2021-05-10T08:39:29.000Z""}",85.05,shipped,"{""$date"":""2020-12-08T01:25:30.000Z""}",unpaid,8.505
314,315,301,384,"{""$date"":""2021-06-08T13:33:49.000Z""}",322.99,shipped,"{""$date"":""2021-06-20T20:58:30.000Z""}",unpaid,32.299
315,367,126,310,"{""$date"":""2021-03-29T05:07:48.000Z""}",144.25,shipped,"{""$date"":""2021-09-12T04:47:06.000Z""}",paid,14.425
316,97,179,466,"{""$date"":""2021-06-27T00:33:29.000Z""}",396.59,processing,"{""$date"":""2020-11-06T13:43:00.000Z""}",unpaid,39.659
317,250,10,320,"{""$date"":""2020-11-12T06:52:01.000Z""}",485.78,delivered,"{""$date"":""2021-07-17T16:07:44.000Z""}",paid,48.578
318,147,157,382,"{""$date"":""2021-04-02T15:32:13.000Z""}",109.3,inTransit,"{""$date"":""2021-06-06T21:19:19.000Z""}",unpaid,10.93
319,369,275,411,"{""$date"":""2021-03-13T01:24:02.000Z""}",117.58,inTransit,"{""$date"":""2021-03-31T15:47:39.000Z""}",paid,11.758
320,382,74,185,"{""$date"":""2021-02-04T01:02:18.000Z""}",485.74,processing,"{""$date"":""2021-09-24T08:27:31.000Z""}",paid,48.574
321,338,23,422,"{""$date"":""2020-12-19T03:51:46.000Z""}",375.54,delivered,"{""$date"":""2021-01-23T06:31:15.000Z""}",paid,37.554
322,481,50,477,"{""$date"":""2021-05-30T15:41:17.000Z""}",373.77,processing,"{""$date"":""2021-04-23T05:10:01.000Z""}",unpaid,37.377
323,305,67,398,"{""$date"":""2021-03-16T19:00:18.000Z""}",375.54,inTransit,"{""$date"":""2021-04-05T17:37:58.000Z""}",unpaid,37.554
324,337,45,291,"{""$date"":""2021-01-17T09:15:10.000Z""}",433.34,delivered,"{""$date"":""2021-03-15T23:56:42.000Z""}",paid,43.334
325,414,23,318,"{""$date"":""2021-01-05T00:05:49.000Z""}",130.01,inTransit,"{""$date"":""2021-04-19T16:19:50.000Z""}",unpaid,13.001
326,322,375,136,"{""$date"":""2020-12-05T21:19:13.000Z""}",118.06,inTransit,"{""$date"":""2021-02-06T07:37:02.000Z""}",paid,11.806
327,120,38,256,"{""$date"":""2021-01-31T16:03:36.000Z""}",61.01,delivered,"{""$date"":""2021-03-25T17:42:56.000Z""}",unpaid,6.101
328,151,326,497,"{""$date"":""2021-09-13T14:17:10.000Z""}",285.54,shipped,"{""$date"":""2021-04-14T18:17:26.000Z""}",unpaid,28.554
329,196,241,181,"{""$date"":""2021-05-24T19:03:45.000Z""}",491.12,delivered,"{""$date"":""2020-12-14T13:11:26.000Z""}",unpaid,49.112
330,185,131,428,"{""$date"":""2021-03-25T14:51:01.000Z""}",455.05,delivered,"{""$date"":""2020-11-19T19:26:33.000Z""}",unpaid,45.505
331,91,220,389,"{""$date"":""2020-12-13T12:23:41.000Z""}",444.23,shipped,"{""$date"":""2021-07-12T17:43:11.000Z""}",paid,44.423
332,462,44,268,"{""$date"":""2021-03-28T05:11:49.000Z""}",60.4,delivered,"{""$date"":""2020-11-02T07:42:47.000Z""}",unpaid,6.04
333,2,292,251,"{""$date"":""2021-06-28T07:26:49.000Z""}",89.62,processing,"{""$date"":""2020-11-15T02:58:22.000Z""}",paid,8.962
334,323,27,140,"{""$date"":""2021-10-19T06:51:14.000Z""}",129.75,processing,"{""$date"":""2021-06-28T13:21:16.000Z""}",unpaid,12.975
335,473,345,483,"{""$date"":""2021-05-23T18:19:31.000Z""}",346.29,inTransit,"{""$date"":""2021-06-14T00:39:16.000Z""}",paid,34.629
336,118,140,174,"{""$date"":""2021-04-25T20:47:28.000Z""}",478.31,processing,"{""$date"":""2021-06-28T01:34:11.000Z""}",paid,47.831
337,284,206,390,"{""$date"":""2020-12-02T02:53:26.000Z""}",451.42,processing,"{""$date"":""2020-11-22T13:32:41.000Z""}",paid,45.142
338,381,86,289,"{""$date"":""2021-08-11T01:05:32.000Z""}",358.77,processing,"{""$date"":""2021-04-20T06:54:57.000Z""}",unpaid,35.877
339,431,33,309,"{""$date"":""2021-08-06T18:53:19.000Z""}",474.08,inTransit,"{""$date"":""2020-11-11T11:28:19.000Z""}",paid,47.408
340,365,368,364,"{""$date"":""2021-02-08T08:07:06.000Z""}",95.08,processing,"{""$date"":""2021-01-25T22:40:51.000Z""}",unpaid,9.508
341,79,388,270,"{""$date"":""2021-01-04T22:22:17.000Z""}",194.98,processing,"{""$date"":""2021-06-07T10:10:21.000Z""}",paid,19.498
342,118,206,243,"{""$date"":""2021-06-15T07:37:42.000Z""}",258.28,delivered,"{""$date"":""2021-08-26T02:37:26.000Z""}",unpaid,25.828
343,277,384,191,"{""$date"":""2021-02-07T06:56:15.000Z""}",362.94,inTransit,"{""$date"":""2021-06-11T18:13:02.000Z""}",unpaid,36.294
344,144,261,468,"{""$date"":""2021-04-18T03:48:18.000Z""}",48.16,shipped,"{""$date"":""2020-11-23T09:07:57.000Z""}",paid,4.816
345,441,341,150,"{""$date"":""2021-05-01T20:39:12.000Z""}",130.22,delivered,"{""$date"":""2021-10-08T20:36:59.000Z""}",unpaid,13.022
346,461,315,123,"{""$date"":""2021-10-14T18:44:26.000Z""}",473.76,delivered,"{""$date"":""2020-11-29T13:03:14.000Z""}",unpaid,47.376
347,350,76,182,"{""$date"":""2021-09-29T06:36:40.000Z""}",136.12,inTransit,"{""$date"":""2021-10-04T22:07:13.000Z""}",paid,13.612
348,295,164,358,"{""$date"":""2021-06-28T14:51:04.000Z""}",94.69,processing,"{""$date"":""2020-11-26T18:51:45.000Z""}",paid,9.469
349,271,196,283,"{""$date"":""2021-08-21T01:25:13.000Z""}",69.75,shipped,"{""$date"":""2021-09-28T15:07:28.000Z""}",unpaid,6.975
350,383,2,340,"{""$date"":""2021-03-27T19:22:16.000Z""}",208.76,processing,"{""$date"":""2021-09-05T23:18:08.000Z""}",unpaid,20.876
351,233,290,380,"{""$date"":""2021-04-28T00:18:13.000Z""}",347.79,inTransit,"{""$date"":""2021-02-25T06:17:20.000Z""}",unpaid,34.779
352,351,177,379,"{""$date"":""2021-09-20T08:08:04.000Z""}",319.2,inTransit,"{""$date"":""2021-08-19T17:13:19.000Z""}",unpaid,31.92
353,138,24,303,"{""$date"":""2021-01-24T00:36:46.000Z""}",304.8,processing,"{""$date"":""2021-01-25T03:14:18.000Z""}",unpaid,30.48
354,377,294,288,"{""$date"":""2021-07-04T21:41:29.000Z""}",345.44,inTransit,"{""$date"":""2020-11-06T23:28:00.000Z""}",unpaid,34.544
355,54,291,350,"{""$date"":""2021-04-04T02:53:09.000Z""}",325.35,processing,"{""$date"":""2020-11-15T21:57:07.000Z""}",paid,32.535
356,348,291,168,"{""$date"":""2020-12-09T20:35:09.000Z""}",305.3,delivered,"{""$date"":""2021-09-26T18:13:44.000Z""}",paid,30.53
357,335,135,204,"{""$date"":""2021-09-10T09:56:45.000Z""}",229.34,inTransit,"{""$date"":""2021-07-15T19:12:54.000Z""}",paid,22.934
358,83,336,369,"{""$date"":""2021-04-24T07:02:31.000Z""}",192.99,inTransit,"{""$date"":""2021-07-10T23:18:39.000Z""}",unpaid,19.299
359,455,332,172,"{""$date"":""2021-04-30T21:38:27.000Z""}",482.82,shipped,"{""$date"":""2020-11-23T08:18:56.000Z""}",unpaid,48.282
360,58,197,121,"{""$date"":""2021-07-29T03:55:55.000Z""}",86.57,inTransit,"{""$date"":""2020-12-31T11:19:40.000Z""}",unpaid,8.657
361,10,313,314,"{""$date"":""2021-07-17T03:27:39.000Z""}",76.52,inTransit,"{""$date"":""2021-06-09T02:23:15.000Z""}",unpaid,7.652
362,262,265,142,"{""$date"":""2021-08-23T22:12:44.000Z""}",293.0,inTransit,"{""$date"":""2021-02-28T21:32:13.000Z""}",unpaid,29.3
363,289,265,126,"{""$date"":""2021-06-09T23:36:40.000Z""}",136.65,delivered,"{""$date"":""2021-09-15T19:14:53.000Z""}",unpaid,13.665
364,298,28,348,"{""$date"":""2021-09-24T15:40:25.000Z""}",31.28,processing,"{""$date"":""2021-03-21T19:04:32.000Z""}",unpaid,3.128
365,79,70,385,"{""$date"":""2021-05-25T20:56:23.000Z""}",140.21,processing,"{""$date"":""2020-12-16T15:17:08.000Z""}",paid,14.021
366,124,267,115,"{""$date"":""2020-12-21T12:32:57.000Z""}",483.07,inTransit,"{""$date"":""2020-11-21T02:37:41.000Z""}",unpaid,48.307
367,492,35,327,"{""$date"":""2021-01-31T22:06:05.000Z""}",121.54,inTransit,"{""$date"":""2020-12-26T07:22:42.000Z""}",unpaid,12.154
368,259,132,228,"{""$date"":""2021-08-25T07:41:37.000Z""}",101.54,delivered,"{""$date"":""2021-04-05T17:54:22.000Z""}",unpaid,10.154
369,57,277,286,"{""$date"":""2021-10-08T02:27:01.000Z""}",46.82,inTransit,"{""$date"":""2021-08-15T13:35:41.000Z""}",paid,4.682
370,38,348,344,"{""$date"":""2021-06-11T19:11:33.000Z""}",142.83,processing,"{""$date"":""2021-07-04T06:33:59.000Z""}",unpaid,14.283
371,208,294,196,"{""$date"":""2020-11-06T18:52:30.000Z""}",77.49,delivered,"{""$date"":""2021-01-03T18:30:45.000Z""}",unpaid,7.749
372,238,313,203,"{""$date"":""2021-07-29T16:51:38.000Z""}",116.84,shipped,"{""$date"":""2020-11-27T04:18:44.000Z""}",paid,11.684
373,366,286,416,"{""$date"":""2021-09-26T14:06:45.000Z""}",7.42,processing,"{""$date"":""2021-05-11T06:28:08.000Z""}",paid,0.742
374,477,238,152,"{""$date"":""2021-02-19T12:51:11.000Z""}",10.72,inTransit,"{""$date"":""2020-11-20T08:23:07.000Z""}",paid,1.072
375,93,280,114,"{""$date"":""2021-04-14T11:59:19.000Z""}",189.86,processing,"{""$date"":""2021-06-11T14:10:40.000Z""}",unpaid,18.986
376,45,28,261,"{""$date"":""2021-09-28T03:13:06.000Z""}",338.98,inTransit,"{""$date"":""2021-04-14T20:05:11.000Z""}",unpaid,33.898
377,300,300,279,"{""$date"":""2020-12-17T19:07:37.000Z""}",445.82,inTransit,"{""$date"":""2020-11-04T12:17:38.000Z""}",unpaid,44.582
378,292,215,365,"{""$date"":""2021-02-28T01:21:52.000Z""}",164.14,inTransit,"{""$date"":""2021-03-27T19:29:54.000Z""}",paid,16.414
379,254,26,210,"{""$date"":""2020-12-15T11:41:48.000Z""}",296.49,delivered,"{""$date"":""2021-01-26T23:05:21.000Z""}",unpaid,29.649
380,114,286,234,"{""$date"":""2021-01-17T08:13:33.000Z""}",86.14,inTransit,"{""$date"":""2021-08-14T04:28:24.000Z""}",paid,8.614
381,252,354,374,"{""$date"":""2021-10-16T00:27:27.000Z""}",199.09,inTransit,"{""$date"":""2021-07-30T15:07:05.000Z""}",paid,19.909
382,56,397,409,"{""$date"":""2020-12-07T14:25:00.000Z""}",427.58,shipped,"{""$date"":""2021-03-27T04:20:22.000Z""}",paid,42.758
383,45,242,416,"{""$date"":""2020-12-04T01:34:49.000Z""}",82.29,shipped,"{""$date"":""2021-07-28T17:32:55.000Z""}",paid,8.229
384,103,284,281,"{""$date"":""2021-01-24T17:47:02.000Z""}",53.77,delivered,"{""$date"":""2021-05-20T20:42:10.000Z""}",paid,5.377
385,96,20,230,"{""$date"":""2021-03-29T16:56:07.000Z""}",272.47,delivered,"{""$date"":""2021-10-30T22:50:43.000Z""}",paid,27.247
386,380,177,407,"{""$date"":""2021-08-19T08:07:21.000Z""}",264.9,processing,"{""$date"":""2021-03-14T02:33:08.000Z""}",paid,26.49
387,27,340,186,"{""$date"":""2020-12-10T09:47:23.000Z""}",87.56,delivered,"{""$date"":""2021-02-16T05:43:15.000Z""}",paid,8.756
388,455,370,241,"{""$date"":""2021-05-28T09:03:33.000Z""}",16.1,shipped,"{""$date"":""2021-06-04T08:36:00.000Z""}",paid,1.61
389,362,143,332,"{""$date"":""2021-05-31T11:21:48.000Z""}",64.37,processing,"{""$date"":""2021-04-07T18:19:31.000Z""}",paid,6.437
390,126,161,391,"{""$date"":""2021-10-20T05:08:57.000Z""}",468.7,inTransit,"{""$date"":""2021-05-10T07:37:48.000Z""}",paid,46.87
391,378,297,413,"{""$date"":""2020-11-13T09:18:08.000Z""}",250.63,delivered,"{""$date"":""2021-06-14T20:14:48.000Z""}",unpaid,25.063
392,340,387,120,"{""$date"":""2021-02-19T02:20:19.000Z""}",385.3,delivered,"{""$date"":""2021-03-20T08:06:51.000Z""}",paid,38.53
393,12,331,429,"{""$date"":""2021-01-18T01:41:23.000Z""}",318.3,inTransit,"{""$date"":""2021-01-23T02:29:38.000Z""}",paid,31.83
394,460,51,344,"{""$date"":""2021-04-11T21:39:17.000Z""}",139.85,delivered,"{""$date"":""2021-10-21T03:36:04.000Z""}",paid,13.985
395,441,130,230,"{""$date"":""2021-02-07T23:31:58.000Z""}",199.84,processing,"{""$date"":""2021-05-11T00:32:38.000Z""}",paid,19.984
396,408,242,215,"{""$date"":""2020-12-13T12:34:28.000Z""}",311.66,inTransit,"{""$date"":""2021-06-25T17:27:01.000Z""}",unpaid,31.166
397,68,127,379,"{""$date"":""2021-09-23T19:54:17.000Z""}",49.18,shipped,"{""$date"":""2021-03-27T14:54:37.000Z""}",unpaid,4.918
398,97,147,256,"{""$date"":""2021-05-14T21:31:12.000Z""}",38.07,delivered,"{""$date"":""2021-09-16T11:55:32.000Z""}",paid,3.807
399,268,64,301,"{""$date"":""2021-01-23T14:12:47.000Z""}",443.42,shipped,"{""$date"":""2021-06-05T14:05:55.000Z""}",paid,44.342
400,26,4,315,"{""$date"":""2020-12-19T15:54:25.000Z""}",72.28,shipped,"{""$date"":""2021-09-21T07:46:15.000Z""}",unpaid,7.228
401,337,244,355,"{""$date"":""2021-09-03T14:51:01.000Z""}",402.21,shipped,"{""$date"":""2020-12-14T04:34:06.000Z""}",paid,40.221
402,195,351,308,"{""$date"":""2021-01-11T13:42:55.000Z""}",400.16,shipped,"{""$date"":""2021-03-26T12:16:54.000Z""}",paid,40.016
403,439,93,407,"{""$date"":""2021-07-02T16:58:04.000Z""}",170.64,shipped,"{""$date"":""2021-07-21T12:32:35.000Z""}",paid,17.064
404,200,247,327,"{""$date"":""2020-12-12T10:12:02.000Z""}",61.87,inTransit,"{""$date"":""2020-11-16T18:49:57.000Z""}",paid,6.187
405,368,283,437,"{""$date"":""2021-08-23T21:27:44.000Z""}",71.91,processing,"{""$date"":""2021-08-28T14:18:17.000Z""}",paid,7.191
406,130,295,482,"{""$date"":""2021-02-18T14:58:32.000Z""}",102.46,shipped,"{""$date"":""2021-04-19T01:18:49.000Z""}",unpaid,10.246
407,30,328,231,"{""$date"":""2021-02-19T18:55:46.000Z""}",446.02,shipped,"{""$date"":""2021-04-17T03:49:44.000Z""}",unpaid,44.602
408,81,304,245,"{""$date"":""2021-10-19T13:00:28.000Z""}",44.48,inTransit,"{""$date"":""2021-02-25T16:27:31.000Z""}",paid,4.448
409,238,354,138,"{""$date"":""2021-01-03T02:20:52.000Z""}",109.17,delivered,"{""$date"":""2021-02-07T20:12:10.000Z""}",unpaid,10.917
410,334,58,239,"{""$date"":""2021-08-15T00:43:20.000Z""}",484.3,processing,"{""$date"":""2021-01-06T11:10:03.000Z""}",paid,48.43
411,232,289,447,"{""$date"":""2021-07-06T20:37:29.000Z""}",201.36,inTransit,"{""$date"":""2021-10-07T02:13:23.000Z""}",unpaid,20.136
412,471,227,110,"{""$date"":""2021-10-21T19:59:06.000Z""}",151.52,shipped,"{""$date"":""2021-05-10T20:54:02.000Z""}",paid,15.152
413,268,43,435,"{""$date"":""2020-12-24T01:57:18.000Z""}",474.42,inTransit,"{""$date"":""2020-11-07T06:48:28.000Z""}",paid,47.442
414,110,279,139,"{""$date"":""2020-12-20T04:09:41.000Z""}",147.77,inTransit,"{""$date"":""2021-02-18T03:18:26.000Z""}",paid,14.777
415,218,377,295,"{""$date"":""2021-08-07T17:05:59.000Z""}",66.38,inTransit,"{""$date"":""2021-10-22T04:50:53.000Z""}",paid,6.638
416,80,218,223,"{""$date"":""2021-03-05T11:02:50.000Z""}",92.45,delivered,"{""$date"":""2021-05-09T12:47:44.000Z""}",unpaid,9.245
417,118,259,304,"{""$date"":""2021-01-21T02:20:33.000Z""}",275.28,processing,"{""$date"":""2021-02-25T01:24:21.000Z""}",paid,27.528
418,42,229,394,"{""$date"":""2021-07-13T23:43:48.000Z""}",258.41,shipped,"{""$date"":""2021-01-23T01:47:06.000Z""}",unpaid,25.841
419,12,224,142,"{""$date"":""2021-02-24T15:54:32.000Z""}",207.14,inTransit,"{""$date"":""2021-08-09T20:32:14.000Z""}",paid,20.714
420,348,71,463,"{""$date"":""2021-05-03T21:40:04.000Z""}",424.83,shipped,"{""$date"":""2021-02-20T22:27:43.000Z""}",unpaid,42.483
421,413,79,243,"{""$date"":""2021-01-13T23:10:51.000Z""}",356.81,processing,"{""$date"":""2021-07-10T20:20:27.000Z""}",unpaid,35.681
422,334,5,311,"{""$date"":""2021-03-02T08:28:04.000Z""}",415.75,shipped,"{""$date"":""2020-12-02T01:54:17.000Z""}",unpaid,41.575
423,162,19,350,"{""$date"":""2021-09-29T07:54:35.000Z""}",30.03,processing,"{""$date"":""2021-04-03T15:23:54.000Z""}",unpaid,3.003
424,23,14,297,"{""$date"":""2021-06-27T18:49:31.000Z""}",133.33,delivered,"{""$date"":""2021-01-17T03:26:57.000Z""}",paid,13.333
425,84,235,152,"{""$date"":""2021-04-27T20:06:00.000Z""}",131.42,processing,"{""$date"":""2020-11-18T15:42:32.000Z""}",paid,13.142
426,300,70,444,"{""$date"":""2021-05-03T08:16:44.000Z""}",448.27,inTransit,"{""$date"":""2021-07-21T22:19:07.000Z""}",paid,44.827
427,155,128,339,"{""$date"":""2021-04-09T18:19:13.000Z""}",20.73,inTransit,"{""$date"":""2021-07-17T13:01:29.000Z""}",unpaid,2.073
428,227,82,397,"{""$date"":""2021-02-14T18:37:03.000Z""}",457.9,shipped,"{""$date"":""2021-06-21T12:32:41.000Z""}",paid,45.79
429,352,396,151,"{""$date"":""2021-05-21T16:16:11.000Z""}",471.25,processing,"{""$date"":""2020-11-20T05:56:05.000Z""}",paid,47.125
430,259,245,225,"{""$date"":""2020-11-14T02:58:06.000Z""}",415.23,delivered,"{""$date"":""2021-05-15T21:31:43.000Z""}",paid,41.523
431,269,242,176,"{""$date"":""2021-03-09T23:10:42.000Z""}",409.95,inTransit,"{""$date"":""2021-02-02T04:57:36.000Z""}",paid,40.995
432,458,273,345,"{""$date"":""2021-08-15T05:59:08.000Z""}",161.98,inTransit,"{""$date"":""2021-06-05T23:02:37.000Z""}",paid,16.198
433,407,203,381,"{""$date"":""2021-02-14T08:24:06.000Z""}",338.3,inTransit,"{""$date"":""2021-01-15T21:28:23.000Z""}",unpaid,33.83
434,248,185,223,"{""$date"":""2020-11-03T19:12:36.000Z""}",74.37,processing,"{""$date"":""2021-04-08T11:19:06.000Z""}",paid,7.437
435,35,281,378,"{""$date"":""2021-10-27T01:45:56.000Z""}",329.85,inTransit,"{""$date"":""2020-12-10T16:25:13.000Z""}",unpaid,32.985
436,496,227,193,"{""$date"":""2021-01-24T08:53:18.000Z""}",175.12,delivered,"{""$date"":""2021-08-30T12:36:47.000Z""}",unpaid,17.512
437,130,64,128,"{""$date"":""2020-12-26T14:26:26.000Z""}",378.91,inTransit,"{""$date"":""2021-09-30T01:34:17.000Z""}",unpaid,37.891
438,305,227,383,"{""$date"":""2021-01-26T22:57:31.000Z""}",99.65,inTransit,"{""$date"":""2021-08-03T20:07:24.000Z""}",unpaid,9.965
439,376,327,341,"{""$date"":""2021-04-07T19:31:49.000Z""}",332.69,shipped,"{""$date"":""2021-06-13T05:32:38.000Z""}",paid,33.269
440,355,275,302,"{""$date"":""2021-03-17T00:05:38.000Z""}",172.06,delivered,"{""$date"":""2021-02-21T05:16:33.000Z""}",paid,17.206
441,142,162,270,"{""$date"":""2021-07-20T14:40:01.000Z""}",362.22,delivered,"{""$date"":""2020-11-25T06:04:40.000Z""}",paid,36.222
442,453,132,117,"{""$date"":""2021-05-28T23:45:04.000Z""}",345.87,processing,"{""$date"":""2021-06-22T23:01:16.000Z""}",unpaid,34.587
443,105,399,119,"{""$date"":""2021-06-05T00:49:06.000Z""}",306.61,delivered,"{""$date"":""2021-01-24T19:35:04.000Z""}",paid,30.661
444,30,200,107,"{""$date"":""2021-05-10T02:54:12.000Z""}",436.95,delivered,"{""$date"":""2021-09-08T00:33:21.000Z""}",unpaid,43.695
445,495,111,119,"{""$date"":""2021-08-09T20:43:06.000Z""}",411.31,shipped,"{""$date"":""2021-06-08T07:35:08.000Z""}",unpaid,41.131
446,303,118,439,"{""$date"":""2021-04-10T13:57:10.000Z""}",369.34,delivered,"{""$date"":""2021-02-26T23:28:00.000Z""}",unpaid,36.934
447,252,333,379,"{""$date"":""2021-01-10T22:37:13.000Z""}",297.47,delivered,"{""$date"":""2020-12-11T10:45:09.000Z""}",unpaid,29.747
448,291,130,486,"{""$date"":""2021-02-05T03:54:49.000Z""}",490.19,processing,"{""$date"":""2021-07-15T18:29:45.000Z""}",paid,49.019
449,295,344,321,"{""$date"":""2021-10-28T14:26:19.000Z""}",469.67,shipped,"{""$date"":""2020-12-29T16:54:22.000Z""}",unpaid,46.967
450,143,352,272,"{""$date"":""2021-06-12T09:14:03.000Z""}",155.1,delivered,"{""$date"":""2021-03-23T11:04:44.000Z""}",unpaid,15.51
451,228,73,473,"{""$date"":""2021-06-18T11:24:18.000Z""}",162.59,processing,"{""$date"":""2021-07-16T16:31:00.000Z""}",paid,16.259
452,376,288,230,"{""$date"":""2021-03-24T13:33:06.000Z""}",458.79,shipped,"{""$date"":""2020-11-09T02:38:42.000Z""}",unpaid,45.879
453,91,82,274,"{""$date"":""2021-02-28T18:20:21.000Z""}",467.53,delivered,"{""$date"":""2021-05-27T08:45:15.000Z""}",unpaid,46.753
454,287,198,265,"{""$date"":""2021-08-25T22:23:58.000Z""}",98.39,processing,"{""$date"":""2021-05-01T15:05:47.000Z""}",unpaid,9.839
455,449,193,406,"{""$date"":""2021-02-09T20:02:22.000Z""}",489.75,inTransit,"{""$date"":""2021-07-05T22:25:58.000Z""}",paid,48.975
456,58,127,388,"{""$date"":""2021-03-23T12:08:23.000Z""}",371.4,inTransit,"{""$date"":""2021-03-03T15:29:26.000Z""}",unpaid,37.14
457,498,49,382,"{""$date"":""2020-11-30T12:59:20.000Z""}",19.64,shipped,"{""$date"":""2020-12-18T21:30:38.000Z""}",unpaid,1.964
458,490,88,463,"{""$date"":""2021-10-01T08:52:07.000Z""}",264.08,delivered,"{""$date"":""2021-05-13T20:14:30.000Z""}",unpaid,26.408
459,351,299,500,"{""$date"":""2021-10-11T02:33:02.000Z""}",2.4,inTransit,"{""$date"":""2021-04-07T09:48:42.000Z""}",unpaid,0.24
460,492,196,113,"{""$date"":""2021-06-20T09:37:05.000Z""}",33.07,inTransit,"{""$date"":""2020-12-20T13:53:41.000Z""}",unpaid,3.307
461,158,260,483,"{""$date"":""2021-04-17T18:37:09.000Z""}",496.39,delivered,"{""$date"":""2021-10-06T20:58:00.000Z""}",paid,49.639
462,10,7,241,"{""$date"":""2021-06-14T19:55:48.000Z""}",24.93,processing,"{""$date"":""2021-03-25T05:52:32.000Z""}",unpaid,2.493
463,37,242,326,"{""$date"":""2021-09-13T09:47:41.000Z""}",62.23,shipped,"{""$date"":""2021-09-13T04:57:17.000Z""}",paid,6.223
464,481,184,431,"{""$date"":""2021-05-11T22:01:15.000Z""}",106.76,processing,"{""$date"":""2021-10-16T20:03:11.000Z""}",unpaid,10.676
465,426,299,181,"{""$date"":""2020-12-24T13:50:18.000Z""}",323.75,inTransit,"{""$date"":""2021-04-01T10:56:14.000Z""}",unpaid,32.375
466,6,61,276,"{""$date"":""2021-03-23T14:10:42.000Z""}",299.73,inTransit,"{""$date"":""2020-12-09T16:24:03.000Z""}",paid,29.973
467,236,318,269,"{""$date"":""2021-01-03T16:19:54.000Z""}",347.58,inTransit,"{""$date"":""2021-10-25T04:43:57.000Z""}",paid,34.758
468,262,234,348,"{""$date"":""2021-06-02T05:29:25.000Z""}",429.0,processing,"{""$date"":""2021-01-27T17:24:29.000Z""}",paid,42.9
469,231,56,272,"{""$date"":""2021-09-10T08:21:00.000Z""}",453.18,shipped,"{""$date"":""2021-02-11T21:34:19.000Z""}",paid,45.318
470,56,318,268,"{""$date"":""2021-07-06T12:13:16.000Z""}",93.26,processing,"{""$date"":""2021-03-06T03:31:26.000Z""}",paid,9.326
471,392,98,244,"{""$date"":""2021-08-09T19:51:08.000Z""}",163.82,inTransit,"{""$date"":""2020-12-23T14:00:21.000Z""}",paid,16.382
472,253,370,211,"{""$date"":""2021-07-15T07:36:13.000Z""}",390.5,inTransit,"{""$date"":""2020-11-15T22:07:46.000Z""}",paid,39.05
473,225,386,369,"{""$date"":""2021-08-27T02:08:44.000Z""}",440.19,processing,"{""$date"":""2021-09-06T06:54:26.000Z""}",unpaid,44.019
474,132,29,391,"{""$date"":""2020-12-23T10:52:35.000Z""}",316.27,processing,"{""$date"":""2021-04-18T00:43:12.000Z""}",unpaid,31.627
475,109,301,278,"{""$date"":""2021-05-15T21:07:41.000Z""}",57.77,delivered,"{""$date"":""2021-08-10T09:25:27.000Z""}",unpaid,5.777
476,51,388,228,"{""$date"":""2021-04-23T09:18:15.000Z""}",183.85,inTransit,"{""$date"":""2021-10-14T12:13:59.000Z""}",unpaid,18.385
477,360,177,263,"{""$date"":""2021-02-17T13:33:38.000Z""}",437.62,delivered,"{""$date"":""2021-07-04T02:38:39.000Z""}",paid,43.762
478,479,379,445,"{""$date"":""2021-05-22T09:27:29.000Z""}",30.84,processing,"{""$date"":""2021-10-09T03:07:38.000Z""}",unpaid,3.084
479,134,235,270,"{""$date"":""2021-04-08T21:56:58.000Z""}",161.1,shipped,"{""$date"":""2020-12-03T05:59:48.000Z""}",paid,16.11
480,138,285,381,"{""$date"":""2021-10-29T19:27:24.000Z""}",110.12,delivered,"{""$date"":""2021-02-13T18:39:47.000Z""}",unpaid,11.012
481,390,398,302,"{""$date"":""2021-10-30T04:01:38.000Z""}",499.54,shipped,"{""$date"":""2020-11-29T18:15:30.000Z""}",unpaid,49.954
482,100,184,309,"{""$date"":""2021-10-18T01:45:30.000Z""}",151.09,inTransit,"{""$date"":""2021-06-12T10:53:32.000Z""}",unpaid,15.109
483,445,234,259,"{""$date"":""2021-06-06T03:16:20.000Z""}",177.5,processing,"{""$date"":""2021-03-06T15:14:07.000Z""}",paid,17.75
484,247,259,280,"{""$date"":""2021-03-07T08:11:12.000Z""}",70.09,processing,"{""$date"":""2021-09-25T02:27:09.000Z""}",paid,7.009
485,421,29,350,"{""$date"":""2021-05-07T19:40:39.000Z""}",11.28,delivered,"{""$date"":""2021-03-18T21:06:56.000Z""}",paid,1.128
486,325,341,383,"{""$date"":""2021-08-06T20:59:15.000Z""}",338.07,inTransit,"{""$date"":""2021-02-17T19:02:36.000Z""}",unpaid,33.807
487,35,165,310,"{""$date"":""2020-11-05T12:13:05.000Z""}",468.46,processing,"{""$date"":""2021-03-26T09:53:17.000Z""}",paid,46.846
488,498,160,403,"{""$date"":""2020-12-17T10:27:03.000Z""}",61.72,shipped,"{""$date"":""2021-04-06T14:51:31.000Z""}",unpaid,6.172
489,251,21,426,"{""$date"":""2021-09-21T04:00:22.000Z""}",184.73,delivered,"{""$date"":""2020-11-28T04:41:58.000Z""}",unpaid,18.473
490,213,332,236,"{""$date"":""2021-08-22T13:14:47.000Z""}",492.66,processing,"{""$date"":""2021-09-14T21:02:34.000Z""}",unpaid,49.266
491,68,194,407,"{""$date"":""2021-03-28T04:44:25.000Z""}",7.31,processing,"{""$date"":""2020-11-19T11:19:31.000Z""}",paid,0.731
492,385,294,369,"{""$date"":""2021-01-07T06:05:53.000Z""}",92.18,inTransit,"{""$date"":""2021-05-03T13:28:52.000Z""}",paid,9.218
493,274,253,119,"{""$date"":""2021-03-06T01:22:03.000Z""}",145.69,shipped,"{""$date"":""2021-10-30T03:52:14.000Z""}",unpaid,14.569
494,435,349,301,"{""$date"":""2021-07-24T09:52:49.000Z""}",496.62,processing,"{""$date"":""2021-08-24T06:01:05.000Z""}",paid,49.662
495,326,215,136,"{""$date"":""2021-04-04T12:30:51.000Z""}",115.31,processing,"{""$date"":""2021-10-17T18:49:19.000Z""}",paid,11.531
496,127,385,320,"{""$date"":""2021-07-10T15:52:31.000Z""}",401.95,shipped,"{""$date"":""2021-05-16T19:10:20.000Z""}",unpaid,40.195
497,376,161,388,"{""$date"":""2021-06-01T14:07:25.000Z""}",383.69,inTransit,"{""$date"":""2021-04-17T04:45:00.000Z""}",paid,38.369
498,498,271,472,"{""$date"":""2020-12-12T20:47:25.000Z""}",80.62,processing,"{""$date"":""2021-01-15T13:41:14.000Z""}",paid,8.062
499,329,345,123,"{""$date"":""2021-07-20T05:51:32.000Z""}",419.07,shipped,"{""$date"":""2021-03-10T23:33:00.000Z""}",unpaid,41.907
500,280,396,195,"{""$date"":""2021-02-13T02:10:43.000Z""}",223.34,shipped,"{""$date"":""2021-01-03T06:19:51.000Z""}",paid,22.334
